{
  "1": {
    "orientation": {
      "w": 0.6543338894844055,
      "x": -0.2969454824924469,
      "y": -0.6413747668266296,
      "z": 0.26890331506729126
    },
    "position": {
      "x": 1.3900043964385986,
      "y": 0.04215407371520996,
      "z": 1.2258481979370117
    }
  },
  "2": {
    "orientation": {
      "w": 0.6543338894844055,
      "x": -0.2969454824924469,
      "y": -0.6413747668266296,
      "z": 0.26890331506729126
    },
    "position": {
      "x": 1.7354885339736938,
      "y": 0.04215407371520996,
      "z": 1.2258481979370117
    }
  },
  "3": {
    "orientation": {
      "w": 0.6987562775611877,
      "x": -0.2768423557281494,
      "y": -0.5926671624183655,
      "z": 0.28955820202827454
    },
    "position": {
      "x": 1.735442876815796,
      "y": 0.04209423065185547,
      "z": 1.0928086042404175
    }
  },
  "4": {
    "orientation": {
      "w": 0.7358725070953369,
      "x": -0.36744827032089233,
      "y": -0.5411819219589233,
      "z": 0.17491696774959564
    },
    "position": {
      "x": 1.735442876815796,
      "y": -0.4615148901939392,
      "z": 1.0928086042404175
    }
  },
  "5": {
    "orientation": {
      "w": 0.6064680814743042,
      "x": -0.12312978506088257,
      "y": -0.6424447298049927,
      "z": 0.45199644565582275
    },
    "position": {
      "x": 1.7354429960250854,
      "y": 0.5449112057685852,
      "z": 1.0928086042404175
    }
  },
  "6": {
    "orientation": {
      "w": 0.6829148530960083,
      "x": -0.0649220421910286,
      "y": -0.5605051517486572,
      "z": 0.463947057723999
    },
    "position": {
      "x": 1.7354429960250854,
      "y": -0.160844624042511,
      "z": 0.8717195391654968
    }
  },
  "7": {
    "orientation": {
      "w": 0.8169149160385132,
      "x": -0.30299389362335205,
      "y": -0.4759995639324188,
      "z": 0.11945541203022003
    },
    "position": {
      "x": 1.7354429960250854,
      "y": -0.160844624042511,
      "z": 0.8717195391654968
    }
  }
}